{"Modules":[{"Source":"./init","Key":"1.init;./init","Version":"","Dir":".terraform\\modules\\23f77e7c87d7915bab2abde9b54c52ae","Root":""},{"Source":"./bootstrap","Key":"1.bootstrap;./bootstrap","Version":"","Dir":".terraform\\modules\\d67fef39811353d3e409e391acee5520","Root":""},{"Source":"./consul","Key":"1.bootstrap;./bootstrap|consul;./consul","Version":"","Dir":".terraform\\modules\\b9cdef9cf1281fb50330e8687cc75196","Root":""},{"Source":"./vault","Key":"1.bootstrap;./bootstrap|vault;./vault","Version":"","Dir":".terraform\\modules\\e37ef0ca0c250de9d728644da78d5c4d","Root":""}]}